{
  "AWSEBDockerrunVersion": 2,
  "volumes": [
    {
      "name": "php-app",
      "host": {
        "sourcePath": "/var/app/current/php-app"
      }
    },
    {
      "name": "nginx-proxy-conf",
      "host": {
        "sourcePath": "/var/app/current/proxy/conf.d"
      }
    }
  ],
  "containerDefinitions": [
    {
      "name": "php-app",
      "image": "php:fpm",
      "essential": true,
      "memory": 128,
      "mountPoints": [
        {
          "sourceVolume": "php-app",
          "containerPath": "/var/www/html",
          "readOnly": true
        }
      ]
    },
    {
      "name": "nginx-proxy",
      "image": "nginx",
      "essential": true,
      "memory": 128,
      "portMappings": [
        {
          "hostPort": 80,
          "containerPort": 80
        }
      ],
      "links": [
        "php-app"
      ],
      "mountPoints": [
        {
          "sourceVolume": "php-app",
          "containerPath": "/var/www/html",
          "readOnly": true
        },
        {
          "sourceVolume": "nginx-proxy-conf",
          "containerPath": "/etc/nginx/conf.d",
          "readOnly": true
        },
        {
          "sourceVolume": "awseb-logs-nginx-proxy",
          "containerPath": "/var/log/nginx"
        }
      ]
    }
  ]
}
